store_id,product_id,is_red,number_of_orders
00,00000,True,15
00,00100,True,37
00,00200,True,36
00,00300,False,11
00,00400,False,10
00,00500,True,27
00,00600,False,9
00,00700,True,49
00,00800,True,37
00,00900,False,20
00,00100,False,18
00,00110,True,18
00,00120,True,35
00,00130,False,24
00,00140,False,29
00,00150,False,19
00,00160,True,23
00,00170,False,54
00,00180,False,16
00,00190,True,26
00,00200,True,34
00,00210,False,21
00,00220,True,33
00,00230,True,27
00,00240,False,19
00,00250,True,8
00,00260,False,28
00,00270,True,20
00,00280,False,12
00,00290,False,32
00,00300,False,22
00,00310,True,28
00,00320,False,31
00,00330,True,20
00,00340,True,30
00,00350,False,26
00,00360,True,37
00,00370,False,27
00,00380,True,46
00,00390,True,30
00,00400,True,21
00,00410,True,30
00,00420,False,9
00,00430,True,32
00,00440,False,21
00,00450,True,34
00,00460,True,20
00,00470,True,59
00,00480,True,15
00,00490,False,20
00,00500,False,31
00,00510,False,24
00,00520,True,27
00,00530,False,36
00,00540,True,6
00,00550,False,9
00,00560,True,27
00,00570,True,56
00,00580,False,40
00,00590,False,20
00,00600,False,31
00,00610,True,25
00,00620,False,23
00,00630,False,11
00,00640,False,12
00,00650,True,42
00,00660,True,35
00,00670,False,24
00,00680,False,11
00,00690,False,28
00,00700,False,11
00,00710,False,8
00,00720,False,19
00,00730,True,24
00,00740,True,17
00,00750,True,13
00,00760,False,24
00,00770,True,30
00,00780,True,19
00,00790,True,12
00,00800,False,24
00,00810,True,40
00,00820,False,21
00,00830,False,20
00,00840,False,25
00,00850,False,21
00,00860,True,38
00,00870,False,18
00,00880,True,39
00,00890,True,22
00,00900,False,16
00,00910,True,24
00,00920,True,52
00,00930,True,9
00,00940,True,29
00,00950,False,32
00,00960,True,26
00,00970,True,19
00,00980,False,29
00,00990,False,31
10,10000,True,22
10,10100,False,26
10,10200,False,16
10,10300,False,42
10,10400,False,20
10,10500,False,6
10,10600,False,17
10,10700,False,39
10,10800,True,15
10,10900,True,25
10,10100,False,15
10,10110,False,27
10,10120,False,25
10,10130,True,29
10,10140,False,12
10,10150,False,31
10,10160,True,22
10,10170,False,27
10,10180,True,15
10,10190,False,17
10,10200,True,29
10,10210,True,24
10,10220,False,27
10,10230,True,14
10,10240,True,11
10,10250,False,29
10,10260,False,52
10,10270,True,50
10,10280,True,33
10,10290,True,20
10,10300,False,29
10,10310,True,19
10,10320,False,13
10,10330,True,16
10,10340,False,44
10,10350,True,35
10,10360,False,10
10,10370,True,14
10,10380,True,19
10,10390,False,27
10,10400,False,24
10,10410,False,28
10,10420,True,18
10,10430,True,16
10,10440,False,23
10,10450,True,25
10,10460,True,40
10,10470,True,20
10,10480,False,20
10,10490,True,29
10,10500,True,34
10,10510,False,23
10,10520,True,21
10,10530,True,20
10,10540,True,23
10,10550,True,39
10,10560,True,28
10,10570,False,24
10,10580,True,38
10,10590,True,17
10,10600,True,21
10,10610,True,36
10,10620,False,17
10,10630,False,30
10,10640,True,23
10,10650,False,33
10,10660,False,34
10,10670,True,17
10,10680,True,36
10,10690,True,44
10,10700,False,22
10,10710,False,47
10,10720,False,27
10,10730,True,8
10,10740,False,37
10,10750,True,21
10,10760,True,28
10,10770,True,26
10,10780,True,49
10,10790,False,28
10,10800,True,19
10,10810,True,28
10,10820,False,27
10,10830,True,29
10,10840,True,19
10,10850,True,27
10,10860,True,34
10,10870,True,26
10,10880,True,21
10,10890,True,15
10,10900,False,44
10,10910,False,9
10,10920,False,30
10,10930,True,33
10,10940,True,22
10,10950,True,22
10,10960,True,39
10,10970,False,26
10,10980,False,21
10,10990,True,34
20,20000,True,22
20,20100,False,16
20,20200,True,35
20,20300,False,25
20,20400,True,35
20,20500,True,27
20,20600,True,18
20,20700,False,30
20,20800,True,27
20,20900,False,4
20,20100,False,38
20,20110,True,20
20,20120,True,12
20,20130,False,38
20,20140,False,26
20,20150,False,25
20,20160,True,25
20,20170,False,21
20,20180,True,27
20,20190,True,25
20,20200,False,39
20,20210,True,24
20,20220,True,7
20,20230,False,36
20,20240,True,24
20,20250,False,30
20,20260,False,18
20,20270,False,35
20,20280,True,53
20,20290,False,11
20,20300,False,12
20,20310,True,32
20,20320,False,12
20,20330,True,23
20,20340,True,18
20,20350,False,33
20,20360,True,26
20,20370,True,45
20,20380,False,33
20,20390,True,13
20,20400,False,19
20,20410,True,46
20,20420,False,36
20,20430,True,20
20,20440,False,16
20,20450,True,20
20,20460,False,35
20,20470,False,20
20,20480,False,31
20,20490,True,34
20,20500,True,25
20,20510,False,24
20,20520,True,15
20,20530,False,10
20,20540,False,24
20,20550,True,53
20,20560,False,27
20,20570,True,23
20,20580,False,32
20,20590,False,16
20,20600,True,26
20,20610,False,14
20,20620,False,43
20,20630,True,19
20,20640,False,22
20,20650,True,11
20,20660,True,24
20,20670,True,15
20,20680,True,25
20,20690,True,23
20,20700,False,17
20,20710,True,26
20,20720,False,12
20,20730,False,17
20,20740,True,20
20,20750,True,29
20,20760,False,29
20,20770,True,36
20,20780,True,39
20,20790,False,26
20,20800,False,30
20,20810,False,25
20,20820,False,32
20,20830,True,20
20,20840,False,26
20,20850,False,18
20,20860,True,19
20,20870,False,33
20,20880,True,22
20,20890,False,17
20,20900,False,20
20,20910,True,13
20,20920,True,30
20,20930,True,12
20,20940,True,23
20,20950,True,22
20,20960,False,31
20,20970,False,18
20,20980,True,26
20,20990,True,20
30,30000,True,12
30,30100,False,23
30,30200,True,28
30,30300,False,19
30,30400,False,42
30,30500,False,17
30,30600,False,30
30,30700,True,36
30,30800,True,20
30,30900,True,26
30,30100,True,34
30,30110,False,19
30,30120,True,25
30,30130,False,24
30,30140,True,22
30,30150,True,34
30,30160,True,17
30,30170,False,19
30,30180,True,27
30,30190,True,45
30,30200,False,10
30,30210,False,22
30,30220,False,31
30,30230,True,21
30,30240,True,28
30,30250,True,20
30,30260,True,21
30,30270,True,28
30,30280,False,28
30,30290,True,33
30,30300,False,28
30,30310,True,23
30,30320,False,11
30,30330,False,27
30,30340,False,21
30,30350,False,20
30,30360,False,19
30,30370,True,28
30,30380,True,25
30,30390,False,24
30,30400,True,13
30,30410,True,14
30,30420,True,43
30,30430,True,51
30,30440,True,11
30,30450,True,23
30,30460,False,31
30,30470,False,26
30,30480,True,36
30,30490,True,23
30,30500,True,9
30,30510,False,28
30,30520,True,24
30,30530,False,20
30,30540,False,20
30,30550,True,19
30,30560,False,17
30,30570,True,17
30,30580,False,26
30,30590,False,20
30,30600,True,13
30,30610,False,29
30,30620,True,33
30,30630,True,13
30,30640,True,13
30,30650,False,30
30,30660,False,28
30,30670,True,23
30,30680,True,13
30,30690,True,42
30,30700,True,43
30,30710,False,17
30,30720,True,35
30,30730,False,33
30,30740,False,34
30,30750,False,23
30,30760,True,20
30,30770,True,22
30,30780,False,17
30,30790,True,23
30,30800,False,18
30,30810,True,40
30,30820,True,38
30,30830,False,25
30,30840,False,19
30,30850,False,19
30,30860,True,39
30,30870,True,25
30,30880,True,17
30,30890,False,16
30,30900,False,26
30,30910,False,13
30,30920,False,26
30,30930,True,36
30,30940,True,18
30,30950,True,33
30,30960,False,14
30,30970,False,26
30,30980,True,37
30,30990,False,15
40,40000,False,28
40,40100,False,29
40,40200,True,26
40,40300,False,16
40,40400,False,38
40,40500,False,22
40,40600,False,13
40,40700,True,5
40,40800,False,15
40,40900,False,32
40,40100,True,53
40,40110,True,35
40,40120,True,40
40,40130,False,20
40,40140,True,41
40,40150,True,16
40,40160,False,28
40,40170,True,11
40,40180,False,15
40,40190,True,22
40,40200,True,15
40,40210,True,27
40,40220,False,9
40,40230,True,22
40,40240,False,19
40,40250,True,39
40,40260,False,21
40,40270,True,37
40,40280,False,13
40,40290,True,23
40,40300,True,42
40,40310,False,19
40,40320,False,28
40,40330,False,13
40,40340,False,19
40,40350,False,24
40,40360,True,19
40,40370,False,33
40,40380,True,35
40,40390,True,33
40,40400,False,15
40,40410,True,10
40,40420,False,23
40,40430,True,24
40,40440,False,15
40,40450,False,26
40,40460,False,13
40,40470,True,28
40,40480,True,25
40,40490,True,22
40,40500,True,27
40,40510,False,22
40,40520,False,37
40,40530,True,9
40,40540,False,23
40,40550,False,25
40,40560,True,31
40,40570,False,37
40,40580,True,14
40,40590,False,31
40,40600,True,16
40,40610,True,23
40,40620,False,26
40,40630,True,15
40,40640,False,35
40,40650,False,30
40,40660,True,44
40,40670,True,26
40,40680,False,22
40,40690,True,23
40,40700,True,23
40,40710,False,17
40,40720,False,12
40,40730,True,23
40,40740,False,18
40,40750,True,14
40,40760,False,29
40,40770,True,12
40,40780,True,15
40,40790,False,14
40,40800,True,32
40,40810,False,13
40,40820,False,28
40,40830,False,41
40,40840,True,26
40,40850,True,21
40,40860,False,18
40,40870,True,20
40,40880,True,15
40,40890,True,22
40,40900,True,12
40,40910,False,12
40,40920,False,25
40,40930,False,36
40,40940,True,48
40,40950,True,29
40,40960,False,22
40,40970,False,24
40,40980,False,9
40,40990,False,29
50,50000,False,33
50,50100,True,31
50,50200,False,30
50,50300,True,14
50,50400,True,23
50,50500,True,25
50,50600,True,34
50,50700,True,37
50,50800,True,24
50,50900,False,39
50,50100,True,25
50,50110,False,46
50,50120,False,10
50,50130,False,13
50,50140,False,19
50,50150,False,27
50,50160,True,29
50,50170,False,22
50,50180,True,20
50,50190,True,46
50,50200,True,22
50,50210,True,30
50,50220,False,16
50,50230,True,14
50,50240,False,28
50,50250,True,18
50,50260,False,28
50,50270,False,38
50,50280,True,39
50,50290,True,34
50,50300,True,31
50,50310,False,19
50,50320,True,16
50,50330,True,26
50,50340,False,16
50,50350,False,20
50,50360,False,21
50,50370,True,16
50,50380,True,22
50,50390,False,24
50,50400,False,14
50,50410,False,15
50,50420,False,22
50,50430,False,16
50,50440,True,17
50,50450,True,22
50,50460,False,8
50,50470,True,23
50,50480,True,35
50,50490,False,38
50,50500,True,23
50,50510,True,50
50,50520,True,20
50,50530,False,16
50,50540,False,27
50,50550,False,24
50,50560,False,18
50,50570,False,26
50,50580,True,27
50,50590,True,6
50,50600,False,46
50,50610,True,46
50,50620,False,34
50,50630,False,13
50,50640,False,21
50,50650,True,23
50,50660,True,24
50,50670,True,32
50,50680,False,22
50,50690,True,24
50,50700,False,44
50,50710,False,19
50,50720,True,28
50,50730,False,18
50,50740,False,26
50,50750,False,35
50,50760,False,16
50,50770,True,37
50,50780,False,17
50,50790,True,30
50,50800,False,32
50,50810,True,22
50,50820,False,20
50,50830,False,21
50,50840,False,18
50,50850,True,29
50,50860,False,28
50,50870,True,25
50,50880,True,25
50,50890,False,32
50,50900,True,19
50,50910,False,30
50,50920,False,28
50,50930,True,14
50,50940,False,26
50,50950,False,19
50,50960,True,23
50,50970,False,20
50,50980,False,27
50,50990,True,14
60,60000,True,27
60,60100,True,25
60,60200,False,14
60,60300,True,20
60,60400,False,22
60,60500,True,30
60,60600,True,25
60,60700,False,23
60,60800,False,17
60,60900,True,40
60,60100,True,17
60,60110,False,15
60,60120,True,32
60,60130,False,20
60,60140,True,22
60,60150,True,43
60,60160,False,24
60,60170,False,17
60,60180,False,34
60,60190,True,27
60,60200,False,33
60,60210,False,17
60,60220,False,37
60,60230,True,30
60,60240,False,29
60,60250,True,24
60,60260,True,38
60,60270,True,24
60,60280,False,18
60,60290,True,31
60,60300,False,29
60,60310,True,44
60,60320,True,41
60,60330,True,10
60,60340,True,33
60,60350,False,29
60,60360,True,23
60,60370,False,11
60,60380,True,24
60,60390,False,30
60,60400,False,10
60,60410,False,10
60,60420,True,21
60,60430,True,22
60,60440,True,23
60,60450,True,20
60,60460,False,21
60,60470,True,13
60,60480,False,31
60,60490,True,25
60,60500,False,18
60,60510,False,14
60,60520,True,29
60,60530,False,15
60,60540,False,25
60,60550,False,12
60,60560,False,26
60,60570,True,41
60,60580,False,15
60,60590,True,36
60,60600,False,24
60,60610,False,18
60,60620,False,23
60,60630,True,28
60,60640,True,21
60,60650,False,17
60,60660,True,31
60,60670,True,39
60,60680,True,34
60,60690,False,4
60,60700,False,10
60,60710,True,27
60,60720,True,29
60,60730,False,20
60,60740,True,37
60,60750,False,36
60,60760,False,22
60,60770,True,28
60,60780,False,31
60,60790,False,16
60,60800,False,16
60,60810,False,12
60,60820,False,12
60,60830,True,9
60,60840,True,11
60,60850,True,47
60,60860,False,13
60,60870,True,33
60,60880,True,25
60,60890,False,21
60,60900,False,21
60,60910,True,38
60,60920,False,30
60,60930,False,52
60,60940,True,8
60,60950,False,18
60,60960,True,18
60,60970,False,19
60,60980,False,37
60,60990,True,50
70,70000,True,34
70,70100,False,35
70,70200,True,20
70,70300,True,25
70,70400,False,29
70,70500,True,18
70,70600,False,16
70,70700,True,22
70,70800,False,20
70,70900,True,17
70,70100,False,18
70,70110,True,35
70,70120,True,43
70,70130,False,16
70,70140,False,18
70,70150,True,13
70,70160,True,31
70,70170,False,15
70,70180,False,42
70,70190,True,29
70,70200,False,20
70,70210,True,21
70,70220,True,20
70,70230,False,19
70,70240,True,38
70,70250,True,27
70,70260,False,23
70,70270,False,34
70,70280,True,46
70,70290,False,23
70,70300,True,38
70,70310,True,23
70,70320,True,21
70,70330,True,18
70,70340,True,21
70,70350,False,18
70,70360,False,29
70,70370,False,42
70,70380,True,8
70,70390,True,34
70,70400,False,13
70,70410,True,15
70,70420,True,26
70,70430,True,29
70,70440,True,24
70,70450,True,35
70,70460,False,34
70,70470,True,24
70,70480,False,23
70,70490,True,64
70,70500,True,15
70,70510,True,22
70,70520,False,10
70,70530,False,20
70,70540,False,19
70,70550,False,19
70,70560,False,27
70,70570,True,47
70,70580,True,39
70,70590,False,25
70,70600,True,33
70,70610,True,22
70,70620,False,16
70,70630,True,21
70,70640,False,37
70,70650,False,40
70,70660,False,5
70,70670,False,12
70,70680,True,17
70,70690,False,23
70,70700,True,28
70,70710,True,28
70,70720,False,44
70,70730,False,24
70,70740,True,42
70,70750,False,29
70,70760,False,31
70,70770,True,30
70,70780,True,30
70,70790,False,29
70,70800,False,21
70,70810,False,20
70,70820,True,23
70,70830,True,17
70,70840,True,11
70,70850,False,46
70,70860,False,19
70,70870,False,23
70,70880,True,30
70,70890,True,31
70,70900,True,19
70,70910,True,28
70,70920,False,12
70,70930,False,38
70,70940,True,37
70,70950,False,28
70,70960,False,14
70,70970,False,22
70,70980,True,28
70,70990,True,12
80,80000,False,16
80,80100,True,31
80,80200,True,46
80,80300,False,20
80,80400,False,23
80,80500,True,20
80,80600,False,34
80,80700,True,20
80,80800,False,27
80,80900,True,17
80,80100,False,30
80,80110,True,30
80,80120,True,27
80,80130,False,32
80,80140,False,15
80,80150,True,29
80,80160,True,30
80,80170,True,16
80,80180,False,16
80,80190,True,15
80,80200,False,22
80,80210,False,30
80,80220,True,20
80,80230,False,24
80,80240,False,15
80,80250,True,12
80,80260,False,12
80,80270,True,19
80,80280,True,14
80,80290,True,37
80,80300,True,16
80,80310,True,34
80,80320,True,37
80,80330,True,39
80,80340,True,33
80,80350,False,20
80,80360,True,23
80,80370,False,17
80,80380,False,14
80,80390,False,30
80,80400,True,22
80,80410,False,20
80,80420,False,27
80,80430,True,28
80,80440,True,36
80,80450,False,17
80,80460,True,20
80,80470,False,23
80,80480,False,22
80,80490,False,38
80,80500,False,27
80,80510,True,39
80,80520,True,20
80,80530,False,25
80,80540,True,18
80,80550,True,24
80,80560,True,36
80,80570,False,48
80,80580,True,27
80,80590,False,12
80,80600,True,31
80,80610,False,14
80,80620,True,21
80,80630,True,11
80,80640,True,57
80,80650,True,35
80,80660,False,28
80,80670,True,19
80,80680,False,28
80,80690,False,15
80,80700,False,32
80,80710,False,9
80,80720,False,29
80,80730,False,13
80,80740,False,9
80,80750,True,19
80,80760,False,7
80,80770,False,20
80,80780,True,14
80,80790,True,9
80,80800,False,28
80,80810,False,23
80,80820,True,31
80,80830,False,32
80,80840,False,23
80,80850,True,15
80,80860,True,41
80,80870,True,12
80,80880,True,11
80,80890,False,18
80,80900,False,23
80,80910,True,28
80,80920,True,9
80,80930,True,16
80,80940,True,20
80,80950,False,23
80,80960,True,9
80,80970,False,11
80,80980,True,32
80,80990,False,10
90,90000,True,20
90,90100,False,38
90,90200,True,20
90,90300,False,26
90,90400,False,21
90,90500,False,38
90,90600,True,13
90,90700,False,43
90,90800,False,16
90,90900,False,28
90,90100,False,41
90,90110,True,14
90,90120,True,10
90,90130,True,25
90,90140,False,11
90,90150,True,56
90,90160,True,24
90,90170,True,17
90,90180,False,13
90,90190,False,30
90,90200,True,41
90,90210,True,35
90,90220,False,32
90,90230,False,17
90,90240,False,22
90,90250,True,37
90,90260,True,23
90,90270,True,16
90,90280,False,21
90,90290,True,18
90,90300,True,19
90,90310,False,23
90,90320,False,36
90,90330,False,29
90,90340,True,23
90,90350,False,22
90,90360,False,28
90,90370,True,24
90,90380,False,34
90,90390,True,44
90,90400,False,24
90,90410,False,19
90,90420,True,62
90,90430,False,31
90,90440,True,35
90,90450,True,34
90,90460,True,19
90,90470,True,27
90,90480,False,9
90,90490,False,28
90,90500,True,24
90,90510,True,30
90,90520,True,40
90,90530,True,33
90,90540,True,27
90,90550,False,32
90,90560,True,15
90,90570,True,15
90,90580,True,24
90,90590,True,26
90,90600,False,14
90,90610,False,30
90,90620,True,24
90,90630,True,30
90,90640,True,16
90,90650,False,9
90,90660,True,31
90,90670,True,27
90,90680,True,28
90,90690,True,25
90,90700,False,40
90,90710,False,13
90,90720,True,24
90,90730,True,32
90,90740,False,25
90,90750,True,14
90,90760,False,34
90,90770,True,15
90,90780,True,17
90,90790,False,37
90,90800,False,23
90,90810,False,45
90,90820,False,32
90,90830,False,21
90,90840,False,8
90,90850,True,38
90,90860,False,24
90,90870,False,21
90,90880,True,38
90,90890,True,28
90,90900,True,34
90,90910,True,11
90,90920,False,22
90,90930,False,20
90,90940,True,14
90,90950,False,23
90,90960,False,17
90,90970,False,27
90,90980,False,25
90,90990,False,11
10,10000,True,36
10,10100,False,16
10,10200,True,11
10,10300,True,25
10,10400,False,7
10,10500,True,15
10,10600,True,26
10,10700,False,54
10,10800,True,10
10,10900,True,21
10,10100,True,9
10,10110,True,14
10,10120,False,20
10,10130,False,37
10,10140,False,30
10,10150,True,27
10,10160,False,15
10,10170,True,19
10,10180,False,19
10,10190,True,22
10,10200,True,18
10,10210,False,21
10,10220,True,22
10,10230,False,22
10,10240,False,20
10,10250,False,26
10,10260,False,26
10,10270,False,22
10,10280,False,38
10,10290,False,32
10,10300,True,30
10,10310,True,39
10,10320,False,15
10,10330,False,37
10,10340,False,16
10,10350,False,9
10,10360,False,19
10,10370,False,32
10,10380,False,17
10,10390,False,26
10,10400,True,24
10,10410,True,12
10,10420,True,32
10,10430,False,23
10,10440,False,26
10,10450,False,36
10,10460,False,14
10,10470,True,28
10,10480,True,23
10,10490,False,20
10,10500,True,45
10,10510,True,19
10,10520,True,31
10,10530,True,35
10,10540,False,32
10,10550,False,10
10,10560,False,10
10,10570,False,30
10,10580,False,16
10,10590,True,28
10,10600,True,38
10,10610,True,56
10,10620,False,16
10,10630,False,21
10,10640,False,14
10,10650,True,29
10,10660,False,28
10,10670,True,46
10,10680,True,22
10,10690,True,49
10,10700,True,36
10,10710,True,35
10,10720,True,18
10,10730,False,30
10,10740,True,15
10,10750,True,17
10,10760,False,21
10,10770,False,23
10,10780,True,17
10,10790,False,14
10,10800,False,15
10,10810,True,35
10,10820,True,24
10,10830,False,14
10,10840,True,29
10,10850,False,21
10,10860,False,18
10,10870,True,32
10,10880,True,18
10,10890,True,15
10,10900,False,18
10,10910,True,22
10,10920,True,13
10,10930,True,32
10,10940,False,29
10,10950,False,19
10,10960,True,34
10,10970,True,23
10,10980,True,25
10,10990,False,26
11,11000,True,26
11,11100,False,15
11,11200,True,47
11,11300,False,22
11,11400,True,29
11,11500,False,17
11,11600,True,22
11,11700,True,21
11,11800,True,12
11,11900,True,15
11,11100,True,20
11,11110,True,29
11,11120,True,11
11,11130,True,21
11,11140,False,36
11,11150,False,40
11,11160,True,33
11,11170,False,28
11,11180,False,16
11,11190,False,26
11,11200,False,28
11,11210,True,24
11,11220,True,12
11,11230,True,30
11,11240,True,36
11,11250,False,42
11,11260,True,14
11,11270,True,23
11,11280,False,24
11,11290,True,26
11,11300,False,39
11,11310,True,16
11,11320,False,26
11,11330,True,19
11,11340,False,30
11,11350,False,13
11,11360,False,33
11,11370,True,18
11,11380,False,20
11,11390,False,24
11,11400,True,22
11,11410,True,14
11,11420,False,23
11,11430,True,36
11,11440,True,19
11,11450,False,21
11,11460,False,33
11,11470,False,8
11,11480,False,24
11,11490,True,31
11,11500,True,14
11,11510,True,16
11,11520,False,34
11,11530,True,44
11,11540,True,13
11,11550,False,10
11,11560,True,20
11,11570,False,15
11,11580,False,10
11,11590,True,29
11,11600,True,24
11,11610,False,11
11,11620,False,19
11,11630,True,33
11,11640,False,18
11,11650,True,25
11,11660,False,21
11,11670,False,28
11,11680,False,18
11,11690,True,19
11,11700,True,11
11,11710,False,27
11,11720,False,20
11,11730,True,27
11,11740,True,21
11,11750,True,14
11,11760,True,20
11,11770,False,24
11,11780,False,33
11,11790,True,34
11,11800,False,26
11,11810,False,25
11,11820,False,20
11,11830,True,14
11,11840,True,10
11,11850,False,20
11,11860,True,22
11,11870,False,22
11,11880,True,20
11,11890,True,33
11,11900,True,31
11,11910,False,18
11,11920,False,33
11,11930,True,21
11,11940,True,23
11,11950,True,18
11,11960,True,9
11,11970,False,13
11,11980,True,13
11,11990,False,37
12,12000,True,35
12,12100,True,15
12,12200,False,7
12,12300,True,49
12,12400,False,45
12,12500,False,18
12,12600,True,17
12,12700,False,26
12,12800,False,27
12,12900,True,30
12,12100,False,20
12,12110,True,29
12,12120,True,23
12,12130,False,26
12,12140,False,19
12,12150,True,21
12,12160,True,23
12,12170,True,34
12,12180,False,15
12,12190,False,9
12,12200,False,22
12,12210,True,15
12,12220,False,20
12,12230,True,25
12,12240,False,11
12,12250,False,28
12,12260,True,39
12,12270,True,22
12,12280,True,33
12,12290,False,25
12,12300,True,36
12,12310,True,39
12,12320,False,27
12,12330,False,30
12,12340,False,30
12,12350,False,17
12,12360,False,13
12,12370,True,25
12,12380,True,25
12,12390,False,28
12,12400,False,34
12,12410,False,21
12,12420,True,27
12,12430,False,7
12,12440,True,32
12,12450,True,36
12,12460,True,24
12,12470,False,21
12,12480,True,56
12,12490,True,41
12,12500,True,38
12,12510,False,29
12,12520,True,29
12,12530,True,47
12,12540,True,38
12,12550,True,14
12,12560,False,33
12,12570,True,22
12,12580,True,38
12,12590,True,34
12,12600,True,43
12,12610,False,29
12,12620,False,28
12,12630,True,27
12,12640,True,31
12,12650,False,22
12,12660,True,16
12,12670,True,40
12,12680,False,13
12,12690,True,23
12,12700,False,13
12,12710,False,33
12,12720,False,14
12,12730,True,22
12,12740,True,26
12,12750,False,17
12,12760,True,51
12,12770,False,16
12,12780,False,23
12,12790,False,10
12,12800,False,36
12,12810,True,13
12,12820,True,27
12,12830,True,28
12,12840,False,17
12,12850,True,31
12,12860,False,26
12,12870,False,20
12,12880,False,22
12,12890,False,38
12,12900,True,38
12,12910,False,37
12,12920,True,23
12,12930,False,33
12,12940,True,26
12,12950,False,17
12,12960,False,27
12,12970,False,31
12,12980,False,20
12,12990,True,29
13,13000,True,38
13,13100,False,20
13,13200,True,39
13,13300,True,24
13,13400,False,25
13,13500,False,17
13,13600,True,13
13,13700,True,45
13,13800,True,32
13,13900,False,31
13,13100,True,21
13,13110,True,46
13,13120,True,23
13,13130,True,24
13,13140,True,25
13,13150,False,17
13,13160,False,17
13,13170,True,18
13,13180,False,40
13,13190,False,33
13,13200,False,17
13,13210,False,47
13,13220,True,34
13,13230,False,28
13,13240,False,16
13,13250,False,39
13,13260,True,31
13,13270,False,21
13,13280,True,29
13,13290,False,23
13,13300,False,2
13,13310,True,24
13,13320,False,34
13,13330,True,35
13,13340,False,22
13,13350,True,20
13,13360,True,40
13,13370,False,25
13,13380,False,27
13,13390,False,10
13,13400,True,11
13,13410,False,32
13,13420,True,23
13,13430,False,27
13,13440,False,32
13,13450,False,16
13,13460,False,19
13,13470,False,19
13,13480,True,31
13,13490,True,16
13,13500,False,25
13,13510,True,28
13,13520,True,26
13,13530,False,21
13,13540,False,19
13,13550,False,14
13,13560,True,40
13,13570,False,22
13,13580,False,30
13,13590,True,35
13,13600,False,10
13,13610,False,14
13,13620,True,18
13,13630,True,31
13,13640,True,12
13,13650,True,21
13,13660,True,43
13,13670,True,31
13,13680,True,22
13,13690,False,22
13,13700,True,23
13,13710,True,10
13,13720,True,21
13,13730,True,35
13,13740,False,24
13,13750,False,10
13,13760,True,31
13,13770,True,19
13,13780,True,18
13,13790,True,37
13,13800,False,7
13,13810,False,17
13,13820,True,18
13,13830,False,29
13,13840,False,20
13,13850,True,39
13,13860,True,16
13,13870,False,22
13,13880,False,19
13,13890,False,40
13,13900,True,37
13,13910,False,26
13,13920,True,35
13,13930,False,24
13,13940,False,6
13,13950,False,17
13,13960,False,13
13,13970,True,22
13,13980,True,47
13,13990,False,30
14,14000,True,19
14,14100,True,42
14,14200,True,30
14,14300,True,25
14,14400,True,16
14,14500,False,14
14,14600,True,21
14,14700,False,23
14,14800,False,29
14,14900,True,23
14,14100,True,23
14,14110,True,27
14,14120,True,24
14,14130,True,54
14,14140,True,27
14,14150,False,18
14,14160,True,20
14,14170,False,34
14,14180,False,30
14,14190,False,11
14,14200,True,10
14,14210,False,23
14,14220,True,19
14,14230,False,9
14,14240,True,27
14,14250,True,12
14,14260,True,16
14,14270,True,20
14,14280,False,28
14,14290,True,15
14,14300,False,17
14,14310,True,33
14,14320,True,55
14,14330,False,15
14,14340,True,34
14,14350,False,17
14,14360,False,21
14,14370,False,15
14,14380,True,14
14,14390,False,13
14,14400,True,62
14,14410,True,16
14,14420,False,11
14,14430,True,24
14,14440,True,18
14,14450,True,22
14,14460,False,33
14,14470,True,25
14,14480,False,34
14,14490,False,23
14,14500,True,6
14,14510,False,20
14,14520,False,21
14,14530,True,61
14,14540,False,21
14,14550,False,42
14,14560,True,34
14,14570,True,29
14,14580,True,25
14,14590,True,28
14,14600,True,11
14,14610,False,42
14,14620,True,36
14,14630,False,21
14,14640,False,19
14,14650,False,40
14,14660,False,45
14,14670,True,14
14,14680,True,29
14,14690,True,32
14,14700,True,17
14,14710,False,24
14,14720,False,11
14,14730,True,26
14,14740,False,31
14,14750,True,41
14,14760,True,21
14,14770,False,19
14,14780,True,37
14,14790,True,17
14,14800,True,24
14,14810,True,21
14,14820,True,27
14,14830,False,39
14,14840,False,43
14,14850,True,18
14,14860,False,15
14,14870,True,23
14,14880,True,17
14,14890,False,20
14,14900,False,18
14,14910,True,36
14,14920,True,23
14,14930,True,23
14,14940,True,38
14,14950,False,12
14,14960,True,24
14,14970,True,21
14,14980,True,40
14,14990,False,35
15,15000,False,46
15,15100,True,26
15,15200,False,15
15,15300,True,34
15,15400,False,54
15,15500,True,31
15,15600,True,56
15,15700,False,14
15,15800,False,29
15,15900,False,33
15,15100,False,26
15,15110,True,20
15,15120,False,22
15,15130,True,19
15,15140,True,15
15,15150,True,25
15,15160,True,7
15,15170,True,42
15,15180,True,14
15,15190,False,27
15,15200,True,10
15,15210,True,22
15,15220,False,21
15,15230,True,28
15,15240,False,25
15,15250,False,15
15,15260,True,36
15,15270,False,14
15,15280,False,38
15,15290,False,14
15,15300,False,22
15,15310,True,21
15,15320,False,22
15,15330,False,35
15,15340,True,21
15,15350,False,22
15,15360,False,18
15,15370,True,32
15,15380,False,27
15,15390,True,50
15,15400,False,54
15,15410,False,15
15,15420,True,9
15,15430,False,21
15,15440,False,22
15,15450,False,36
15,15460,True,16
15,15470,True,27
15,15480,False,37
15,15490,False,29
15,15500,True,19
15,15510,True,17
15,15520,False,19
15,15530,True,30
15,15540,True,32
15,15550,False,15
15,15560,True,32
15,15570,False,24
15,15580,True,30
15,15590,True,25
15,15600,False,27
15,15610,True,29
15,15620,True,31
15,15630,True,28
15,15640,False,22
15,15650,False,37
15,15660,False,43
15,15670,True,17
15,15680,False,33
15,15690,False,32
15,15700,True,29
15,15710,True,19
15,15720,False,16
15,15730,False,23
15,15740,False,14
15,15750,False,28
15,15760,True,33
15,15770,False,15
15,15780,True,16
15,15790,False,17
15,15800,True,46
15,15810,True,9
15,15820,False,42
15,15830,True,32
15,15840,True,16
15,15850,True,29
15,15860,True,26
15,15870,True,22
15,15880,True,32
15,15890,False,25
15,15900,False,35
15,15910,True,23
15,15920,False,10
15,15930,False,23
15,15940,True,27
15,15950,True,23
15,15960,False,43
15,15970,True,24
15,15980,False,20
15,15990,False,20
16,16000,True,35
16,16100,False,15
16,16200,False,27
16,16300,True,26
16,16400,False,14
16,16500,True,12
16,16600,False,38
16,16700,True,34
16,16800,True,23
16,16900,False,19
16,16100,False,26
16,16110,False,20
16,16120,False,31
16,16130,False,25
16,16140,True,43
16,16150,False,16
16,16160,True,9
16,16170,False,39
16,16180,False,29
16,16190,True,32
16,16200,False,23
16,16210,True,15
16,16220,True,22
16,16230,False,29
16,16240,False,43
16,16250,False,29
16,16260,False,43
16,16270,True,44
16,16280,False,11
16,16290,True,14
16,16300,False,14
16,16310,False,42
16,16320,False,27
16,16330,False,22
16,16340,True,12
16,16350,True,54
16,16360,False,19
16,16370,False,11
16,16380,True,18
16,16390,False,19
16,16400,True,23
16,16410,False,22
16,16420,True,26
16,16430,False,17
16,16440,True,27
16,16450,True,21
16,16460,False,12
16,16470,False,11
16,16480,False,33
16,16490,False,26
16,16500,False,19
16,16510,True,22
16,16520,False,47
16,16530,True,43
16,16540,True,17
16,16550,True,13
16,16560,True,20
16,16570,True,14
16,16580,True,24
16,16590,False,32
16,16600,False,32
16,16610,False,9
16,16620,False,18
16,16630,False,25
16,16640,True,19
16,16650,True,22
16,16660,False,40
16,16670,True,40
16,16680,False,30
16,16690,False,16
16,16700,True,24
16,16710,True,14
16,16720,True,19
16,16730,False,24
16,16740,False,27
16,16750,False,32
16,16760,True,23
16,16770,False,15
16,16780,True,18
16,16790,False,17
16,16800,False,18
16,16810,False,29
16,16820,True,33
16,16830,True,19
16,16840,False,12
16,16850,True,14
16,16860,True,32
16,16870,True,17
16,16880,True,57
16,16890,False,24
16,16900,False,17
16,16910,False,43
16,16920,True,24
16,16930,False,25
16,16940,False,32
16,16950,True,36
16,16960,False,22
16,16970,False,14
16,16980,True,37
16,16990,True,14
17,17000,True,36
17,17100,True,22
17,17200,False,27
17,17300,True,21
17,17400,True,25
17,17500,False,15
17,17600,False,35
17,17700,True,16
17,17800,False,37
17,17900,True,25
17,17100,False,17
17,17110,False,20
17,17120,False,10
17,17130,True,31
17,17140,True,22
17,17150,False,14
17,17160,True,30
17,17170,True,25
17,17180,True,7
17,17190,True,30
17,17200,True,15
17,17210,True,24
17,17220,True,48
17,17230,True,23
17,17240,True,30
17,17250,True,49
17,17260,False,12
17,17270,True,49
17,17280,False,22
17,17290,False,23
17,17300,True,15
17,17310,True,14
17,17320,True,32
17,17330,False,22
17,17340,False,13
17,17350,False,18
17,17360,False,17
17,17370,False,20
17,17380,True,21
17,17390,False,17
17,17400,True,20
17,17410,False,23
17,17420,True,16
17,17430,True,30
17,17440,True,24
17,17450,True,32
17,17460,True,31
17,17470,False,16
17,17480,False,19
17,17490,False,21
17,17500,True,28
17,17510,True,18
17,17520,False,30
17,17530,True,23
17,17540,True,36
17,17550,True,26
17,17560,False,12
17,17570,False,26
17,17580,True,20
17,17590,False,23
17,17600,True,40
17,17610,False,14
17,17620,True,17
17,17630,False,29
17,17640,False,17
17,17650,False,13
17,17660,True,16
17,17670,True,23
17,17680,False,13
17,17690,False,16
17,17700,True,32
17,17710,True,19
17,17720,False,16
17,17730,True,29
17,17740,True,37
17,17750,False,14
17,17760,True,23
17,17770,True,23
17,17780,False,25
17,17790,True,46
17,17800,False,20
17,17810,True,22
17,17820,False,33
17,17830,True,24
17,17840,True,20
17,17850,True,34
17,17860,False,14
17,17870,False,34
17,17880,True,38
17,17890,False,20
17,17900,False,22
17,17910,True,34
17,17920,True,37
17,17930,False,23
17,17940,True,38
17,17950,False,22
17,17960,False,16
17,17970,False,27
17,17980,True,19
17,17990,False,18
18,18000,False,29
18,18100,True,23
18,18200,True,43
18,18300,False,29
18,18400,True,24
18,18500,True,19
18,18600,False,30
18,18700,False,16
18,18800,False,21
18,18900,False,25
18,18100,True,23
18,18110,True,36
18,18120,True,45
18,18130,True,19
18,18140,False,28
18,18150,True,18
18,18160,False,30
18,18170,False,41
18,18180,True,25
18,18190,True,41
18,18200,True,29
18,18210,False,15
18,18220,True,17
18,18230,True,25
18,18240,False,34
18,18250,True,42
18,18260,True,23
18,18270,True,34
18,18280,True,21
18,18290,True,18
18,18300,False,26
18,18310,False,30
18,18320,False,28
18,18330,True,45
18,18340,False,10
18,18350,True,31
18,18360,True,27
18,18370,False,18
18,18380,True,20
18,18390,False,26
18,18400,False,31
18,18410,True,12
18,18420,True,45
18,18430,False,20
18,18440,False,19
18,18450,False,15
18,18460,True,25
18,18470,False,10
18,18480,True,16
18,18490,False,31
18,18500,False,25
18,18510,True,34
18,18520,True,19
18,18530,False,18
18,18540,True,17
18,18550,False,24
18,18560,False,24
18,18570,True,53
18,18580,False,12
18,18590,True,37
18,18600,True,14
18,18610,True,12
18,18620,False,21
18,18630,False,33
18,18640,False,21
18,18650,False,19
18,18660,True,28
18,18670,False,23
18,18680,True,38
18,18690,False,11
18,18700,False,21
18,18710,True,35
18,18720,False,22
18,18730,True,35
18,18740,True,27
18,18750,True,24
18,18760,False,21
18,18770,True,21
18,18780,True,18
18,18790,False,34
18,18800,True,16
18,18810,True,31
18,18820,True,23
18,18830,True,19
18,18840,False,28
18,18850,False,27
18,18860,True,21
18,18870,False,25
18,18880,False,26
18,18890,True,23
18,18900,True,24
18,18910,False,31
18,18920,False,26
18,18930,False,19
18,18940,False,13
18,18950,True,26
18,18960,True,21
18,18970,False,11
18,18980,False,17
18,18990,False,32
19,19000,False,11
19,19100,True,24
19,19200,True,11
19,19300,True,27
19,19400,False,11
19,19500,False,12
19,19600,True,29
19,19700,False,16
19,19800,False,19
19,19900,True,21
19,19100,True,23
19,19110,False,30
19,19120,True,32
19,19130,True,23
19,19140,False,37
19,19150,True,40
19,19160,True,15
19,19170,False,32
19,19180,True,40
19,19190,False,25
19,19200,True,29
19,19210,True,15
19,19220,True,13
19,19230,True,23
19,19240,False,10
19,19250,True,23
19,19260,False,36
19,19270,True,33
19,19280,False,23
19,19290,False,19
19,19300,False,31
19,19310,True,15
19,19320,False,24
19,19330,True,16
19,19340,False,23
19,19350,False,46
19,19360,True,10
19,19370,True,27
19,19380,True,19
19,19390,True,18
19,19400,True,18
19,19410,False,18
19,19420,False,27
19,19430,True,20
19,19440,False,34
19,19450,False,28
19,19460,True,14
19,19470,True,26
19,19480,True,13
19,19490,False,21
19,19500,True,10
19,19510,False,21
19,19520,True,21
19,19530,True,23
19,19540,False,24
19,19550,True,14
19,19560,False,17
19,19570,False,28
19,19580,True,16
19,19590,True,27
19,19600,True,19
19,19610,True,7
19,19620,True,36
19,19630,True,11
19,19640,False,23
19,19650,False,17
19,19660,True,31
19,19670,True,47
19,19680,True,27
19,19690,True,26
19,19700,False,19
19,19710,False,13
19,19720,False,11
19,19730,False,27
19,19740,True,30
19,19750,True,17
19,19760,False,9
19,19770,False,11
19,19780,True,38
19,19790,False,7
19,19800,True,30
19,19810,False,59
19,19820,False,28
19,19830,False,22
19,19840,False,17
19,19850,True,17
19,19860,True,52
19,19870,True,32
19,19880,False,22
19,19890,False,25
19,19900,True,25
19,19910,True,9
19,19920,False,19
19,19930,True,25
19,19940,False,23
19,19950,True,28
19,19960,False,36
19,19970,True,17
19,19980,False,29
19,19990,False,23
20,20000,True,19
20,20100,False,18
20,20200,False,42
20,20300,True,25
20,20400,True,23
20,20500,True,44
20,20600,True,43
20,20700,False,41
20,20800,False,27
20,20900,True,21
20,20100,False,37
20,20110,False,14
20,20120,False,9
20,20130,False,25
20,20140,True,28
20,20150,True,38
20,20160,False,25
20,20170,False,18
20,20180,False,30
20,20190,False,16
20,20200,False,16
20,20210,False,16
20,20220,True,44
20,20230,False,18
20,20240,False,26
20,20250,True,9
20,20260,False,53
20,20270,True,25
20,20280,True,47
20,20290,True,36
20,20300,False,17
20,20310,True,31
20,20320,False,22
20,20330,True,39
20,20340,True,21
20,20350,False,34
20,20360,False,35
20,20370,False,22
20,20380,False,22
20,20390,True,18
20,20400,False,12
20,20410,False,23
20,20420,True,26
20,20430,True,29
20,20440,True,30
20,20450,False,27
20,20460,True,22
20,20470,False,21
20,20480,True,37
20,20490,True,28
20,20500,True,25
20,20510,True,27
20,20520,True,19
20,20530,False,24
20,20540,False,12
20,20550,True,43
20,20560,False,22
20,20570,True,30
20,20580,True,12
20,20590,True,13
20,20600,False,17
20,20610,False,35
20,20620,True,33
20,20630,True,23
20,20640,True,30
20,20650,True,50
20,20660,True,10
20,20670,False,23
20,20680,True,31
20,20690,True,21
20,20700,False,18
20,20710,False,6
20,20720,False,20
20,20730,False,38
20,20740,True,12
20,20750,False,23
20,20760,False,16
20,20770,True,35
20,20780,False,46
20,20790,True,22
20,20800,False,15
20,20810,True,33
20,20820,False,15
20,20830,True,27
20,20840,False,31
20,20850,True,37
20,20860,False,36
20,20870,False,13
20,20880,True,34
20,20890,False,8
20,20900,True,28
20,20910,True,22
20,20920,True,10
20,20930,True,33
20,20940,True,30
20,20950,False,14
20,20960,True,10
20,20970,False,9
20,20980,False,23
20,20990,False,17
21,21000,True,33
21,21100,False,21
21,21200,True,22
21,21300,False,24
21,21400,True,23
21,21500,True,10
21,21600,False,14
21,21700,False,33
21,21800,True,24
21,21900,True,35
21,21100,True,38
21,21110,True,32
21,21120,False,14
21,21130,False,29
21,21140,True,32
21,21150,True,37
21,21160,True,40
21,21170,False,16
21,21180,False,20
21,21190,True,18
21,21200,False,22
21,21210,True,50
21,21220,False,22
21,21230,True,11
21,21240,True,21
21,21250,True,30
21,21260,True,20
21,21270,False,14
21,21280,True,16
21,21290,False,14
21,21300,False,17
21,21310,True,25
21,21320,True,27
21,21330,True,19
21,21340,True,14
21,21350,True,26
21,21360,False,8
21,21370,False,36
21,21380,False,26
21,21390,True,13
21,21400,False,22
21,21410,True,25
21,21420,False,21
21,21430,True,22
21,21440,True,34
21,21450,True,35
21,21460,True,25
21,21470,True,27
21,21480,True,25
21,21490,False,22
21,21500,False,16
21,21510,False,15
21,21520,False,19
21,21530,False,23
21,21540,False,17
21,21550,True,27
21,21560,True,24
21,21570,True,29
21,21580,True,32
21,21590,False,24
21,21600,False,34
21,21610,True,20
21,21620,True,10
21,21630,False,22
21,21640,False,21
21,21650,True,28
21,21660,False,26
21,21670,True,5
21,21680,False,12
21,21690,True,22
21,21700,True,10
21,21710,False,21
21,21720,True,25
21,21730,True,9
21,21740,True,36
21,21750,True,25
21,21760,False,32
21,21770,False,30
21,21780,False,33
21,21790,True,35
21,21800,True,29
21,21810,False,30
21,21820,True,26
21,21830,False,10
21,21840,True,23
21,21850,False,26
21,21860,True,45
21,21870,True,47
21,21880,True,14
21,21890,True,23
21,21900,False,18
21,21910,True,32
21,21920,False,16
21,21930,True,31
21,21940,True,21
21,21950,False,9
21,21960,True,30
21,21970,True,28
21,21980,True,16
21,21990,False,13
22,22000,True,25
22,22100,False,24
22,22200,False,28
22,22300,True,16
22,22400,False,27
22,22500,False,22
22,22600,False,27
22,22700,True,14
22,22800,False,26
22,22900,True,21
22,22100,False,14
22,22110,True,28
22,22120,True,35
22,22130,False,25
22,22140,True,27
22,22150,True,27
22,22160,False,15
22,22170,True,35
22,22180,False,26
22,22190,True,34
22,22200,False,11
22,22210,False,13
22,22220,True,26
22,22230,False,21
22,22240,False,15
22,22250,False,16
22,22260,False,37
22,22270,False,12
22,22280,True,26
22,22290,False,32
22,22300,False,19
22,22310,False,33
22,22320,False,19
22,22330,True,56
22,22340,True,31
22,22350,True,20
22,22360,True,27
22,22370,True,39
22,22380,False,29
22,22390,False,20
22,22400,True,21
22,22410,True,27
22,22420,False,13
22,22430,True,40
22,22440,False,12
22,22450,False,34
22,22460,False,28
22,22470,False,45
22,22480,False,19
22,22490,True,16
22,22500,True,28
22,22510,True,17
22,22520,True,19
22,22530,True,19
22,22540,False,33
22,22550,False,27
22,22560,True,27
22,22570,False,34
22,22580,True,31
22,22590,False,26
22,22600,True,32
22,22610,False,14
22,22620,False,17
22,22630,False,20
22,22640,False,37
22,22650,True,14
22,22660,True,37
22,22670,True,32
22,22680,False,26
22,22690,False,15
22,22700,True,27
22,22710,True,28
22,22720,False,21
22,22730,True,18
22,22740,False,21
22,22750,True,34
22,22760,True,32
22,22770,True,18
22,22780,True,23
22,22790,True,31
22,22800,True,16
22,22810,False,32
22,22820,False,18
22,22830,True,47
22,22840,True,30
22,22850,True,39
22,22860,True,37
22,22870,True,40
22,22880,False,34
22,22890,False,24
22,22900,True,14
22,22910,True,35
22,22920,True,19
22,22930,False,26
22,22940,False,8
22,22950,False,19
22,22960,True,22
22,22970,True,31
22,22980,False,22
22,22990,False,21
23,23000,False,14
23,23100,True,9
23,23200,True,18
23,23300,False,16
23,23400,True,23
23,23500,False,22
23,23600,False,7
23,23700,False,24
23,23800,True,28
23,23900,False,21
23,23100,True,22
23,23110,True,11
23,23120,False,34
23,23130,True,22
23,23140,False,20
23,23150,True,19
23,23160,False,22
23,23170,False,14
23,23180,False,35
23,23190,False,11
23,23200,False,26
23,23210,False,20
23,23220,False,57
23,23230,False,23
23,23240,False,12
23,23250,False,16
23,23260,False,28
23,23270,False,18
23,23280,False,26
23,23290,True,30
23,23300,False,24
23,23310,True,19
23,23320,True,30
23,23330,True,39
23,23340,False,32
23,23350,False,29
23,23360,True,21
23,23370,False,26
23,23380,False,20
23,23390,False,43
23,23400,False,14
23,23410,False,25
23,23420,True,24
23,23430,False,17
23,23440,True,56
23,23450,False,16
23,23460,True,51
23,23470,False,36
23,23480,True,8
23,23490,False,16
23,23500,False,32
23,23510,True,20
23,23520,True,26
23,23530,False,40
23,23540,False,38
23,23550,True,16
23,23560,False,29
23,23570,True,20
23,23580,False,18
23,23590,True,24
23,23600,False,30
23,23610,False,29
23,23620,False,30
23,23630,False,26
23,23640,True,24
23,23650,False,34
23,23660,True,22
23,23670,False,32
23,23680,True,47
23,23690,True,41
23,23700,False,15
23,23710,False,32
23,23720,True,23
23,23730,False,26
23,23740,False,12
23,23750,False,15
23,23760,True,28
23,23770,False,14
23,23780,False,24
23,23790,False,28
23,23800,False,21
23,23810,True,39
23,23820,True,21
23,23830,True,34
23,23840,True,23
23,23850,False,32
23,23860,True,23
23,23870,False,15
23,23880,True,26
23,23890,True,24
23,23900,False,29
23,23910,False,28
23,23920,False,16
23,23930,True,17
23,23940,True,12
23,23950,True,17
23,23960,False,29
23,23970,True,21
23,23980,True,41
23,23990,True,34
24,24000,False,31
24,24100,False,16
24,24200,False,10
24,24300,True,17
24,24400,False,27
24,24500,False,35
24,24600,False,20
24,24700,True,46
24,24800,False,15
24,24900,True,18
24,24100,False,31
24,24110,False,27
24,24120,False,12
24,24130,True,15
24,24140,False,22
24,24150,True,35
24,24160,False,12
24,24170,False,26
24,24180,True,25
24,24190,True,21
24,24200,False,25
24,24210,True,24
24,24220,False,23
24,24230,True,34
24,24240,True,44
24,24250,True,20
24,24260,False,37
24,24270,True,37
24,24280,True,20
24,24290,False,8
24,24300,False,18
24,24310,False,17
24,24320,True,24
24,24330,False,11
24,24340,False,20
24,24350,True,38
24,24360,False,18
24,24370,True,22
24,24380,True,18
24,24390,True,20
24,24400,True,17
24,24410,True,21
24,24420,True,22
24,24430,True,9
24,24440,False,32
24,24450,True,22
24,24460,True,50
24,24470,False,44
24,24480,True,28
24,24490,True,23
24,24500,False,30
24,24510,False,22
24,24520,False,15
24,24530,False,31
24,24540,True,17
24,24550,False,14
24,24560,False,29
24,24570,False,37
24,24580,True,28
24,24590,True,25
24,24600,True,27
24,24610,False,35
24,24620,False,24
24,24630,True,14
24,24640,True,46
24,24650,True,24
24,24660,True,23
24,24670,True,43
24,24680,True,21
24,24690,False,15
24,24700,False,28
24,24710,False,39
24,24720,True,8
24,24730,False,27
24,24740,False,23
24,24750,True,37
24,24760,False,16
24,24770,True,24
24,24780,False,22
24,24790,True,30
24,24800,True,37
24,24810,True,38
24,24820,True,32
24,24830,True,28
24,24840,False,26
24,24850,False,21
24,24860,False,14
24,24870,True,27
24,24880,True,32
24,24890,True,28
24,24900,False,16
24,24910,True,24
24,24920,False,16
24,24930,False,39
24,24940,False,11
24,24950,True,15
24,24960,True,20
24,24970,True,11
24,24980,True,24
24,24990,True,31
25,25000,False,20
25,25100,True,14
25,25200,True,38
25,25300,False,13
25,25400,False,19
25,25500,True,27
25,25600,False,26
25,25700,True,28
25,25800,True,17
25,25900,False,25
25,25100,True,20
25,25110,False,16
25,25120,True,30
25,25130,True,29
25,25140,True,36
25,25150,True,16
25,25160,False,21
25,25170,False,16
25,25180,False,42
25,25190,True,32
25,25200,True,55
25,25210,False,24
25,25220,False,41
25,25230,False,42
25,25240,False,26
25,25250,True,37
25,25260,False,20
25,25270,True,16
25,25280,False,6
25,25290,True,18
25,25300,False,30
25,25310,False,44
25,25320,False,16
25,25330,True,20
25,25340,False,20
25,25350,True,21
25,25360,False,14
25,25370,True,53
25,25380,False,23
25,25390,False,13
25,25400,False,19
25,25410,False,30
25,25420,True,18
25,25430,False,35
25,25440,False,34
25,25450,False,17
25,25460,True,9
25,25470,False,12
25,25480,True,11
25,25490,False,22
25,25500,True,19
25,25510,False,32
25,25520,True,24
25,25530,True,35
25,25540,True,52
25,25550,True,30
25,25560,False,22
25,25570,True,39
25,25580,False,38
25,25590,True,32
25,25600,False,11
25,25610,False,40
25,25620,True,21
25,25630,False,18
25,25640,True,30
25,25650,True,19
25,25660,True,18
25,25670,True,47
25,25680,True,42
25,25690,False,12
25,25700,True,13
25,25710,True,24
25,25720,True,17
25,25730,True,37
25,25740,True,58
25,25750,True,38
25,25760,True,24
25,25770,False,18
25,25780,True,10
25,25790,True,11
25,25800,True,30
25,25810,False,22
25,25820,True,12
25,25830,True,27
25,25840,False,43
25,25850,False,23
25,25860,False,21
25,25870,True,15
25,25880,False,36
25,25890,True,35
25,25900,True,29
25,25910,True,20
25,25920,False,34
25,25930,False,35
25,25940,True,23
25,25950,True,37
25,25960,False,38
25,25970,False,28
25,25980,False,11
25,25990,False,20
26,26000,False,23
26,26100,False,25
26,26200,True,21
26,26300,False,23
26,26400,False,20
26,26500,True,29
26,26600,False,33
26,26700,False,39
26,26800,True,26
26,26900,False,31
26,26100,False,25
26,26110,False,7
26,26120,True,33
26,26130,True,27
26,26140,True,33
26,26150,True,12
26,26160,True,43
26,26170,False,14
26,26180,False,16
26,26190,True,42
26,26200,True,25
26,26210,False,20
26,26220,False,25
26,26230,True,41
26,26240,False,14
26,26250,True,25
26,26260,False,23
26,26270,True,16
26,26280,False,29
26,26290,True,35
26,26300,True,36
26,26310,False,24
26,26320,True,13
26,26330,True,25
26,26340,True,54
26,26350,True,45
26,26360,False,25
26,26370,False,11
26,26380,True,26
26,26390,True,17
26,26400,True,17
26,26410,True,26
26,26420,True,42
26,26430,True,15
26,26440,False,26
26,26450,False,32
26,26460,False,26
26,26470,True,17
26,26480,True,17
26,26490,False,19
26,26500,True,22
26,26510,True,29
26,26520,True,17
26,26530,True,18
26,26540,True,38
26,26550,False,23
26,26560,True,27
26,26570,False,27
26,26580,True,24
26,26590,True,27
26,26600,True,27
26,26610,False,28
26,26620,False,16
26,26630,False,18
26,26640,True,19
26,26650,False,27
26,26660,True,20
26,26670,True,36
26,26680,False,36
26,26690,True,25
26,26700,False,30
26,26710,True,29
26,26720,False,49
26,26730,False,31
26,26740,False,32
26,26750,True,23
26,26760,True,27
26,26770,True,31
26,26780,True,38
26,26790,True,20
26,26800,False,29
26,26810,False,16
26,26820,True,33
26,26830,True,44
26,26840,False,38
26,26850,True,26
26,26860,False,36
26,26870,False,36
26,26880,True,20
26,26890,True,18
26,26900,False,12
26,26910,False,22
26,26920,False,14
26,26930,False,16
26,26940,False,15
26,26950,False,16
26,26960,False,33
26,26970,True,13
26,26980,False,26
26,26990,True,32
27,27000,True,20
27,27100,True,14
27,27200,True,15
27,27300,False,15
27,27400,True,20
27,27500,True,31
27,27600,True,34
27,27700,True,38
27,27800,True,42
27,27900,True,31
27,27100,False,24
27,27110,True,18
27,27120,True,25
27,27130,True,25
27,27140,True,29
27,27150,True,16
27,27160,True,17
27,27170,False,38
27,27180,False,15
27,27190,False,39
27,27200,True,27
27,27210,True,38
27,27220,True,13
27,27230,False,18
27,27240,True,31
27,27250,False,12
27,27260,True,23
27,27270,True,34
27,27280,True,25
27,27290,False,20
27,27300,False,15
27,27310,False,22
27,27320,True,26
27,27330,True,17
27,27340,False,7
27,27350,True,17
27,27360,True,39
27,27370,True,13
27,27380,True,21
27,27390,False,12
27,27400,True,21
27,27410,False,31
27,27420,True,22
27,27430,True,14
27,27440,True,26
27,27450,False,24
27,27460,True,20
27,27470,True,22
27,27480,True,26
27,27490,True,22
27,27500,True,29
27,27510,False,17
27,27520,True,17
27,27530,True,18
27,27540,False,17
27,27550,True,11
27,27560,False,21
27,27570,True,34
27,27580,False,19
27,27590,False,25
27,27600,True,37
27,27610,False,34
27,27620,True,41
27,27630,False,42
27,27640,False,38
27,27650,True,33
27,27660,True,13
27,27670,True,31
27,27680,False,35
27,27690,False,14
27,27700,True,23
27,27710,False,27
27,27720,False,18
27,27730,True,28
27,27740,True,35
27,27750,False,24
27,27760,True,18
27,27770,False,17
27,27780,True,30
27,27790,False,32
27,27800,True,29
27,27810,False,20
27,27820,False,35
27,27830,True,13
27,27840,False,20
27,27850,False,17
27,27860,True,39
27,27870,True,47
27,27880,False,27
27,27890,True,32
27,27900,False,21
27,27910,True,16
27,27920,True,24
27,27930,True,30
27,27940,False,18
27,27950,True,27
27,27960,True,23
27,27970,False,15
27,27980,False,20
27,27990,False,36
28,28000,False,39
28,28100,False,21
28,28200,False,49
28,28300,False,23
28,28400,False,22
28,28500,False,25
28,28600,True,19
28,28700,True,23
28,28800,False,17
28,28900,True,24
28,28100,False,29
28,28110,False,21
28,28120,False,23
28,28130,False,25
28,28140,False,21
28,28150,True,15
28,28160,True,14
28,28170,False,15
28,28180,True,51
28,28190,True,21
28,28200,True,27
28,28210,True,24
28,28220,False,21
28,28230,True,28
28,28240,True,21
28,28250,False,30
28,28260,True,30
28,28270,False,16
28,28280,False,13
28,28290,False,29
28,28300,False,19
28,28310,False,22
28,28320,True,22
28,28330,True,36
28,28340,False,17
28,28350,True,24
28,28360,False,13
28,28370,True,15
28,28380,True,28
28,28390,True,19
28,28400,True,30
28,28410,False,16
28,28420,True,38
28,28430,True,27
28,28440,True,19
28,28450,False,16
28,28460,True,23
28,28470,False,57
28,28480,True,23
28,28490,False,35
28,28500,False,9
28,28510,True,22
28,28520,False,15
28,28530,True,42
28,28540,False,32
28,28550,False,31
28,28560,True,28
28,28570,True,14
28,28580,False,21
28,28590,True,14
28,28600,True,25
28,28610,False,12
28,28620,True,23
28,28630,True,47
28,28640,False,16
28,28650,True,15
28,28660,False,15
28,28670,False,13
28,28680,True,32
28,28690,True,30
28,28700,False,38
28,28710,False,32
28,28720,False,19
28,28730,True,18
28,28740,False,12
28,28750,False,19
28,28760,False,36
28,28770,False,13
28,28780,True,13
28,28790,True,20
28,28800,False,20
28,28810,False,22
28,28820,True,23
28,28830,False,17
28,28840,False,33
28,28850,True,26
28,28860,False,40
28,28870,True,38
28,28880,True,19
28,28890,True,28
28,28900,False,15
28,28910,True,17
28,28920,False,13
28,28930,True,37
28,28940,False,16
28,28950,True,13
28,28960,True,18
28,28970,True,17
28,28980,False,14
28,28990,False,18
29,29000,True,34
29,29100,True,28
29,29200,False,31
29,29300,False,23
29,29400,False,26
29,29500,True,61
29,29600,True,13
29,29700,False,28
29,29800,False,29
29,29900,False,21
29,29100,True,38
29,29110,True,14
29,29120,False,19
29,29130,False,29
29,29140,False,35
29,29150,True,16
29,29160,True,38
29,29170,True,27
29,29180,True,18
29,29190,True,24
29,29200,True,24
29,29210,True,38
29,29220,True,26
29,29230,False,17
29,29240,True,20
29,29250,True,21
29,29260,True,18
29,29270,False,22
29,29280,True,24
29,29290,False,14
29,29300,False,3
29,29310,False,16
29,29320,False,22
29,29330,False,25
29,29340,True,21
29,29350,True,39
29,29360,False,22
29,29370,True,30
29,29380,False,20
29,29390,False,35
29,29400,False,8
29,29410,False,32
29,29420,True,25
29,29430,False,8
29,29440,True,56
29,29450,False,12
29,29460,True,23
29,29470,False,34
29,29480,False,28
29,29490,False,14
29,29500,False,14
29,29510,True,24
29,29520,True,33
29,29530,False,24
29,29540,False,15
29,29550,False,26
29,29560,False,17
29,29570,True,24
29,29580,True,18
29,29590,True,30
29,29600,True,13
29,29610,False,36
29,29620,True,25
29,29630,False,16
29,29640,False,16
29,29650,False,15
29,29660,True,17
29,29670,True,19
29,29680,True,42
29,29690,False,20
29,29700,False,14
29,29710,False,13
29,29720,False,30
29,29730,False,18
29,29740,True,36
29,29750,True,29
29,29760,False,28
29,29770,False,30
29,29780,False,31
29,29790,False,31
29,29800,False,34
29,29810,False,13
29,29820,True,20
29,29830,True,27
29,29840,True,20
29,29850,False,27
29,29860,False,42
29,29870,True,25
29,29880,True,17
29,29890,True,14
29,29900,True,36
29,29910,True,28
29,29920,False,29
29,29930,False,19
29,29940,True,21
29,29950,False,16
29,29960,True,14
29,29970,False,26
29,29980,True,10
29,29990,True,42
